{"Decision Tree": {"Classification Report": {"High": {"precision": 0.9969849246231156, "recall": 0.9969849246231156, "f1-score": 0.9969849246231156, "support": 995}, "Low": {"precision": 0.9970149253731343, "recall": 0.9970149253731343, "f1-score": 0.9970149253731343, "support": 1005}, "accuracy": 0.997, "macro avg": {"precision": 0.996999924998125, "recall": 0.996999924998125, "f1-score": 0.996999924998125, "support": 2000}, "weighted avg": {"precision": 0.997, "recall": 0.997, "f1-score": 0.997, "support": 2000}}, "Confusion Matrix": {"Predicted Low": {"Actual Low": 992, "Actual High": 3}, "Predicted High": {"Actual Low": 3, "Actual High": 1002}}, "Accuracy Score": 0.997}, "K-Nearest Neighbors": {"Classification Report": {"High": {"precision": 0.9959919839679359, "recall": 0.9989949748743718, "f1-score": 0.997491219267436, "support": 995}, "Low": {"precision": 0.999001996007984, "recall": 0.9960199004975124, "f1-score": 0.9975087194818136, "support": 1005}, "accuracy": 0.9975, "macro avg": {"precision": 0.99749698998796, "recall": 0.9975074376859421, "f1-score": 0.9974999693746248, "support": 2000}, "weighted avg": {"precision": 0.9975045150180601, "recall": 0.9975, "f1-score": 0.9975000131251608, "support": 2000}}, "Confusion Matrix": {"Predicted Low": {"Actual Low": 994, "Actual High": 4}, "Predicted High": {"Actual Low": 1, "Actual High": 1001}}, "Accuracy Score": 0.9975}}